,Contact_UUID
0,b8697922-90bd-48f6-bef3-3b4e05bc8927
1,54cefcd4-0b62-450c-893b-af861fcfad31
2,45115586-ca20-4203-b1ea-f1af810d7a50
3,f59eb77b-7cbd-4ac4-8b7a-58e251dfaa8c
4,10e98af5-1378-481a-af21-c440e93f4f7c
5,43c3a3d7-ccc7-4264-bfff-5530a12b97f4
6,86456fff-4d5f-4420-9879-1dbe68ab08d9
7,f577239d-2486-4150-9f11-76c40f7b23c3
8,8d00b50f-0e71-413e-a9c0-8242c6ef7dea
9,63dda1fd-0697-4a9d-a3ae-e2b8ea1c0617
10,6e89c5aa-734e-4144-a15b-e3a2898e65ad
11,4202ba78-fa66-433a-b847-e055e6375d8c
12,59ffeb6f-4f55-4c98-a336-17097abb224d
13,1d46e910-eeb6-42e5-a4f8-4f28696e2cc5
14,a57c0e55-278d-4d14-8b1c-d19e5ddc26d6
15,7a3bf4ea-f4b1-45fa-a24c-42580bbfc67d
16,6312e11c-9dc0-44c1-9659-7953e1503be1
17,5946cf3a-94cd-44d9-8760-a6d3dbd80447
18,66a9c6de-ab32-4865-a8d3-c5148f413b48
19,e8dc42b7-4c0b-43ac-91f8-661ba7fb457b
20,d3fbea55-2792-43e5-ace9-14892a90248c
21,046f2175-40cd-4ad8-9006-a3465e52792f
22,d3cfd949-fbf2-44d9-8731-eeaabcd3703c
23,4ef47de7-f043-4106-90fa-d482667d38cb
24,242376d0-88e3-4c8c-9503-68fe908bc441
25,6b5571c8-16d0-4053-818c-0e8d806e6f66
26,b95ba0c0-3f6b-469b-9962-69309da8fc76
27,1979afdc-7fda-4700-addc-50aba13fd8b7
28,d5874bcd-8831-4d61-9dbf-ae5edf49fa19
29,4b8d52eb-2acb-4f4e-a89e-e71e1f9df2c2
30,80d43098-3015-46a4-b2b7-50a09d633327
31,c5f51141-ff60-41ca-9ba1-322c2e68b7ad
32,65f63e34-7a9e-4e37-b666-f90cb4f11415
33,4ccfa9ae-804c-4bd9-b4e2-ee5b03228470
34,eb1d9ef5-27fc-4185-ac8a-d4ff2b88d904
35,e598b114-c7a4-4520-a639-5caaf5923997
36,09d0f23e-2319-4515-a897-d8faf7f8df6a
37,5e95d1d6-c1b8-47de-b407-72cac464d4d6
38,db871875-7ecd-4ddd-a7b3-d40844ffb526
39,896504c5-daf9-4089-a9be-a41b9b7a829f
40,b79d92b1-80cc-4e6c-9239-b755971929f4
41,07c2ebb2-eb53-47b1-88d9-e3503c8940d7
42,27930564-071f-4cc1-a382-428775d9fbfe
43,a619bcf2-27ce-4790-9063-a8a156c294ca
44,733e1036-5005-412a-8004-af934cbb1620
45,ca74e905-6e5c-4485-9c24-f522765e2c0b
46,b7d59253-895a-4fab-a079-93c92bf4b0f5
47,9a25b59a-cbcb-4c7e-a9f7-4b2e008ce48c
48,ba00f3d0-3901-449f-8467-552905d477f2
49,d622162d-fa82-4cb2-b52b-7b627bd51d3f
50,874aee18-bab7-4fec-b671-f92751c5ca49
51,82fc90cb-4f6e-4d10-abb2-eef7720c009e
52,e65ff28e-281b-49bf-aa62-17b3fba8a19c
53,1efdb67f-d463-4bf1-a96a-80fd9fa2a2f0
54,b9ea5b5d-cda4-4b93-b583-83b519811f43
55,726d6b10-76b9-4b57-b656-2b765462ed8f
56,47ea2ec8-b6e2-439e-9455-ea2cd0479537
57,280c28dc-da6c-49f2-b7a0-cfcc532dcc4a
58,e55b9b35-ac93-4254-af31-5111cf0b2b61
59,b40a94eb-529f-45d5-a5c3-80dcd8676b83
60,d1fcff41-a79b-42ab-a0cb-e2cc132f44b5
61,69779675-d354-4cd2-a0f3-86618393c0f7
62,80b880c2-b62a-4dfe-83c2-0354f780b5bf
63,80ca8b4e-9d29-4aec-823e-1fe8778f9d96
64,78db09fc-4f70-4250-a1d8-859816601b34
65,55cb9a6a-f708-4dd9-a8dd-c546d8fbc293
66,b432ddc0-763d-41fa-81e5-c4464f66491b
67,186fc012-3a87-4b5e-acd8-7b410a53b808
68,4f292ab2-741f-4ba8-963c-cb2e6507ddc8
69,2a484cc1-2987-43ff-a176-22007d30ad6d
70,87b8aca0-02c2-4d95-a653-48df44efb863
71,0b6813a2-2fc7-4609-847a-64aa2caeb52a
72,5d65d942-fbed-49e6-9720-947206f546f1
73,1ef276c1-d9da-4eb2-ae72-4e8fab5fd967
74,690eea9a-f294-4eb1-80b7-06593990dbe5
75,f912884f-94b5-4876-8a47-d6d7e6933f20
76,1351d96b-83d8-4ea9-8912-fb0864723ba9
77,65591e14-8573-44a3-8fed-851f969b3a96
78,fa28607c-628c-4215-a73e-42a3ca16ebc7
79,38df2a57-8150-45d4-9d3e-e31527b9b7ca
80,44471224-583d-4823-a960-83323d9eaf05
81,babe380f-1420-47e9-b6fb-3129179a4c4f
82,b0cfddd7-fe5a-4c25-8fd3-a8ffa676f5fd
83,d6813ef9-8d44-4e24-affe-1b1cb8b4a638
84,b1fd2a66-a0ec-4aed-8ba0-a177ed95f289
85,c5b843dc-bc4c-4446-9af9-b4e39b254498
86,293cd0d9-a7aa-4cc0-9005-9753ce9d538a
87,0ba8723e-e8fa-454e-a2e8-bb28cbc24427
88,55f18c55-0e77-4492-8456-7cabb6c30a31
89,c7587040-de9c-40a6-b42b-0b778ef3f9f2
90,14841c1e-59d2-4fb2-ac5d-77c5766a65c6
91,ebcc8b0a-20ad-4412-ba2d-862d0794a381
92,d5580239-14d6-4439-b420-59725ea2432e
93,2ba836d5-3271-4546-8136-6a2f96f173f7
94,5e2c80cf-4375-45c5-a5c4-9ef007ead65e
95,6354cd4b-38c7-4f16-95f3-b32be9e3a267
96,2d085c9f-b50e-488b-a657-1ca046adc4ab
97,f517e122-9070-4625-bd40-ee2df5ca5b64
98,c11914b8-bd14-44ab-b221-c267564361f6
99,b114c159-2151-4b10-b196-4840005d74b2
100,0144268f-3d2c-487f-8856-1fb31ca31e1d
101,0d1a30b8-7eed-41f7-933f-28030c9a72ff
102,999b51f5-7957-4d86-8b5a-251e2e71444d
103,996e4427-e309-4019-97cf-e01289293bbb
104,a6a80590-7cfd-47b2-8e4c-a24435b4938f
105,638d135b-f2c4-4b71-8169-4ffbbbc4407f
106,9bb31708-347b-46b3-a375-098136fdc090
107,ad3d3b6b-317f-4799-950b-cb86a9a5b682
108,bb85970e-6043-4eb5-b74f-2246d8f559ad
109,8e514f1b-8f6a-4ada-9457-356241cca83a
110,17f6a60e-c091-4d96-a43b-8f3ef57fb3a6
111,45c1cdcf-5f15-4675-a922-269e8561977e
112,4b8674f1-4c31-4156-a559-4c2f6813f761
113,44cc8040-2b46-4690-9dc6-c2363ce476e7
114,1e49009c-fa79-4472-8659-d6138f0b3012
115,52cb6f32-b61e-4fbc-80c0-0a3e909bc420
116,2bfef5d2-34f7-4054-acdd-1b4936a4787b
117,44c62bc3-a027-4068-a582-9300d4c01f1f
118,65dbaa33-6649-4258-82e5-d089a8123950
119,619502b8-c6db-4a89-82d3-35b0a7c2be8e
120,23a24750-268d-4fab-b278-1bbbe4037988
121,82ffb201-6060-46ac-b931-d937098ae880
122,74e5ac85-fda3-4d84-bfc4-620b32686b3e
123,65b1b34d-011c-44e2-a5cc-020d6cf10831
124,80ee83ae-5fe8-4eed-892b-b0bd43913ece
125,e6df4644-4520-4ec7-9f00-fb60f2fe71e8
126,cb1cbeb8-d7a7-4ccd-9ee6-115a69c53126
127,c6ef7d48-8bcb-47db-bfcc-847ffc0339bd
128,a650d348-95f0-4b10-bc90-a85535398769
129,8340ebe7-3c31-4bc5-8e70-87ee322f5ae7
130,6363f1b0-57a7-40eb-a47d-375ee2d03939
131,ce9b2822-c8f5-40cc-8aed-33cb16e0bb47
132,045dbce7-d081-4931-818e-3f8fd0177e3e
133,9acd1d2e-07e3-482b-974f-b93129d3205a
134,38ac612d-366f-4ed0-9d33-b9c129d11485
135,eee544c9-716d-4aa4-b6e3-9267337093e2
136,12269cf0-26bb-4839-8957-e27a7b9beb76
137,c178490e-6bcd-4436-9a4b-0f57f1095056
138,80fb396c-6a38-4dce-89eb-6192d88fe9b0
139,0e112d4e-7b8e-484e-9b9a-a07aa74f8866
140,9f5f2014-1480-44f9-9600-2b2747c905a2
141,5fb9e91a-303e-44ea-bcd3-3937a494c81e
142,d744805b-014c-4312-af57-c7ab1b93c09d
143,13cea832-2e38-4cde-bb89-8dda52d553d7
144,d7ebaf2b-c3af-44a1-9654-1d4c4ce9ed9e
145,48ef8acc-178a-41f4-ba62-678af72c6b4e
146,dabd9101-1fcb-4506-b78a-56f985b71062
147,d0ae109d-acb7-443f-92e1-a3dd723371a1
148,cc3275cb-3e9e-4710-b926-7dd90d00fa38
149,6c6a2522-b795-409a-b89a-015b50e722ee
150,12da54d6-4a84-4fab-9bf2-2c1316c7878e
151,79c35f94-8b03-41d9-a3b8-f194d16eb678
152,8e73c7d5-198e-45a5-bdce-876ecbde165b
153,ffe00693-1faf-48b2-899a-dc1be2d314f4
154,4e6a29cd-3dd0-4b87-8381-565701f53a8b
155,66bf807d-a539-437d-ba97-b36ab982f3f4
156,bc0a36fa-ca31-4a45-b916-867b0c2e8397
157,a97dfbab-d089-4d0d-9ed7-39c4ba726c8a
158,32c23294-19ea-4405-8178-87653e5417f2
159,b14bef5c-80a7-4afe-b48c-c5010552b803
160,f55c25dc-1f33-4c4e-8808-fc737869bf08
161,28fa5145-2af8-480d-b367-7264d5b6a839
162,c3eb97fd-4d3d-47b7-bd9d-77e3809564de
163,e3bcc4f5-6a58-4e16-9c21-25b7a9c61c5b
164,78081edd-f1c6-478b-bc48-963362287361
165,2043c4ac-1b6b-409f-95a6-2116caffed29
166,8c595951-2878-4dac-a8af-7a133385180d
167,afea0eb5-d30a-4376-b3c7-7a2ffcf8720d
168,ee0524d0-588f-4f96-8eb4-d365cdec5a4e
169,90787aee-eb9d-4737-8b24-9792610fbee6
170,2bbe55d3-a410-403a-99e1-1c9fc492c7e5
171,c478c7a3-1547-4cbc-bd41-f666674be0da
172,41b9d2d7-5a4e-4b72-b746-0b9e77d6a465
173,5ba19ca7-ed0e-4a38-b1cd-751be84d809d
174,6f439705-dd21-4d89-989c-e0ae404055c6
175,f2487f0a-5376-4ec0-853c-ed72b8056fc3
176,e0106ef6-ad64-40ac-a4f1-6c8739a87e0e
177,447c8773-5aeb-4149-b644-7c6db4cbf801
178,b804479b-9c93-4520-8bf7-e8fba5b79985
179,f074c4bf-b350-447d-9dcb-ad40dc553af9
180,4b82a29f-2460-401d-b0bd-25b6606600c4
181,23b2f719-7a9e-48f5-837a-bfc3f609bc0e
182,67deb8dc-cf5e-4b6b-bed6-8595c7d21f2a
183,3ac36ef9-de28-4114-9891-078fe77e9efe
184,e7a93d5e-7055-42dd-afcc-d9ce7c3c4e10
185,846eb8fe-6963-440c-8957-68f07e6fecd4
186,45e32544-5642-4c12-9bbb-575bf7035a4d
187,9b448018-bb85-46e5-9efe-b4f9a537b843
188,c63811ee-71f2-4855-8525-1f85024d6990
189,aac778c8-eb08-4769-bd9d-14bf46dee190
190,a7b7cae6-f298-4a0a-8850-b36d8dae1640
191,11a0469a-618d-43d0-8fef-d5496bf4a649
192,23c2df21-0d47-44b6-8989-afd5f3bb2a74
193,b38ba3f1-7f24-44b5-b31e-fb35893d1103
194,bf87e3ad-7555-4b1e-a949-4d58a468877a
195,56895715-9b50-40c4-b134-233a3b8a3178
196,14be40f3-e93b-4e6a-a221-78b89b3b7b41
197,3650a705-9b2e-4a11-8e4f-1bd6d693b9aa
198,e8cc804a-0202-465b-89cc-c939e5acf09f
199,c3a7d30c-447e-424d-9b10-9361a4cc079a
200,79c80629-28e8-456d-a8e3-8b3d936eb7ae
201,c5e5bcb8-9e5a-4dab-aebb-d23aaacc1526
202,0cf6e717-ea97-4fb9-aa4c-b3168d6d021c
203,e0fde8ea-813a-4531-8330-bc299e0e4550
204,c4741d0d-e8a1-4ee1-94d6-60901dfbd125
205,f60622b6-a831-4c4c-9534-d4c36e6f257c
206,466cb2c1-0c89-4978-a0fd-e9cebf9a301e
207,ecc5706a-9117-454e-b4ff-0acb379b87da
208,e9b937e2-6cb3-4143-83e2-9a11d1d72421
209,a9489426-678f-421b-9311-235ba31b3723
210,4c92df97-5a11-42e4-a0ce-2d036fa74417
211,df60d084-2a50-4208-aad2-3b179c4f3c12
212,3f456b64-e44a-4f2c-9758-ba274d7340fe
213,38985735-6e69-477c-8744-e61a2993fe29
214,4bc42d31-9a3c-44d9-91a4-932bf3fb1309
215,31cc5d50-92d2-416a-ab7b-fedb5f6a70d0
216,481c5804-05c2-49e5-b765-be5da2345d73
217,e37300a4-68c0-46e5-bf7f-5d475d88b901
218,7c1f4790-ed5d-492e-b4b1-acc8236bec1b
219,a5368a7e-e02f-4e28-97f1-5ceac9eae31f
220,3f9b7514-1807-40ff-81ce-da21cdc61103
221,fd19c9c3-cd0a-40a8-911d-bb31e45dbf93
222,71306c4b-75bc-44f3-9512-de030dc4f31c
223,cb18bbea-a8f7-4007-8cba-2c87dfaebf67
224,ac3a37cb-ad67-482a-a054-2d339d9032cc
225,328fbf6d-428b-4f1a-b575-e3a48fc61734
226,1c7638c4-1b7f-4166-954d-8d0e4a893b93
227,ed8eb5c6-c06c-4555-aef0-3dd63e1bf002
228,cbe09f9a-61a9-49c3-9c1d-350692053882
229,acae2345-a617-452a-af98-b1e1b4198971
230,0c695de4-b7c0-4fec-8254-42a868717784
231,a04002bb-76aa-4eb0-9589-ea0900aabb3c
232,cd364bb4-1eca-47c4-acda-4eb8dc69bf8a
233,da9d8da2-501b-4c87-8fab-c094d779f4cb
234,32305f60-d882-4fce-80eb-1147a44662f0
235,968616a3-5038-4e95-b123-d4de23882b91
236,315d7dfd-927e-4f3b-bbf9-52c761e03ffe
237,2a27de38-a821-4be5-ac5f-dd18bea18055
238,19b3295d-699f-4a1a-9686-58d36944fb88
239,f91ebf2e-6b72-4a88-bb47-56d658299193
240,7f7f0a4d-06c8-47fb-aadd-8eb9f3419cc9
241,f9ec7838-64e4-4f5e-af8c-d319ffab8d2b
242,ddaee7f6-2b1b-4c9e-8349-cc83e49c3d24
243,940dac33-3dd6-4743-b24f-6ccfb87fa006
244,e08dee45-f98c-4170-bc65-32ccad09a8c9
245,b5da4ac8-2f96-45a9-80d6-68ff19b287eb
246,1a55d530-0b69-40c1-819b-4f9bd2f37cdc
247,a6fc4f28-2409-441a-8c07-31ad961888dc
248,44ef00a5-3bb5-463e-a08a-6ff336cce9dd
249,e1b146f7-e682-412f-8225-2e4a32cc24dc
250,993b32cc-16e2-4c92-80c4-6fd3c7c0c254
251,ea7ec4f6-dd8c-4c36-b465-6820b1accd31
252,b9a433c8-e411-41b6-98be-435af547fc0f
253,9cf7172b-8aac-49b5-989e-05ea7474b938
254,c69d5ad1-c5bd-4547-8d0e-3adc97a7071e
255,78f3c3a9-797c-42f9-8913-c4f1f32c2ca9
256,05e3adfd-827a-4767-9d59-66a6d70060ba
257,6b2103fa-dbee-4498-b077-057589f052a6
258,cc4ba073-7258-49bb-945b-addf78776ee3
259,848b9b1f-6f59-4cfd-bfd7-a70376a14959
260,31557121-501b-431f-ae72-953890fb2a30
261,ff30b0ad-0461-4bf1-97b5-7ed20c76563a
262,7c427174-d921-49c4-b419-bd84b5c11f17
263,900cae8e-f4bd-44de-aabb-cd43eadeeae7
264,5972bb16-e677-4093-896b-7cd571b1c373
265,162f5b3f-5f3d-40a1-9788-9128369f9675
266,9cc234f3-cc19-4167-8809-a0fe14c48022
267,6efbc3bc-1a79-47a6-bfd6-f77933c212bf
268,35f26b66-f317-44e9-ae22-53fb3587fb06
269,77e9e2e9-e130-41be-a04b-1d30ce1281c5
270,9d559a56-3b26-4535-a509-d9b8dc4cb34c
271,503cb1ca-5781-410d-9d76-e588640a101c
272,8e38280a-0d6a-4a60-9b22-e0e44cdcdcf3
273,14c03444-02f5-4b82-93d9-6d867fec464f
274,54c0a0e6-18ae-4197-8540-6676ca8ce361
275,c1845314-1e34-483a-81ca-cf7bec1bc916
276,7dad180c-50a7-4317-86f8-86e158601791
277,34beba68-1361-474c-88df-7e7aa112a124
278,fc5d32b2-bfea-4ce9-ab54-6b72277fc409
279,168aa2cb-182a-4c45-9b44-de7ef7a99965
280,bcf24d8f-e556-42b8-880a-4ce45309ce53
281,ca02716d-92c3-4b4e-a2ce-3877ee940732
282,4f762901-7968-475c-b9ab-0c8052ce7d6a
283,f7ca47e7-9727-42a9-b709-a27c1573e868
284,6f4c0478-d018-4611-8667-5e6acb5b79a0
285,3d0478a9-ad1f-4a21-ae8d-4047d2426979
286,8b034d4d-6e1a-42a4-b002-576c9fa9a7de
287,6d7e39ea-fb0a-4ee7-aa60-d1e6b7c382da
288,caab855f-a0b7-48f3-b22f-ed5e55cb90cd
289,06b49f87-4057-4bb5-9be6-25a99bf2c96a
290,b9eedf3a-d08d-494d-8840-81a4a58bf0c2
291,f0937212-536e-4cd2-919a-3647edab6a0e
292,1a3063a2-6e8a-4d34-b222-bfff60fc07f2
293,9cdfce88-39e6-4606-a845-b57e12f96844
294,b66f85a4-3d33-4345-9b33-8e7d370fa966
295,902677e2-4d48-4ec5-8e83-09e1a5e74385
296,d7118244-a5a8-4978-ba93-d3a33f47d2a6
297,f8349303-bae8-4e62-a9e9-3afed347df3b
298,0979b3b7-b6c7-4fdf-a7a2-5eeb53d4ef11
299,e8ac8a12-6454-460d-8892-b66b69c6e00f
300,19ff87b3-1c1b-4186-8377-ef1eea7a2b02
301,b28effe9-dc30-4125-be80-718c9866af8b
302,1a90a67f-e8ca-4be2-bde3-79f8b816446e
303,080076b7-dc3f-44f5-8c36-9bc36fdc27d5
304,6e79ad16-571e-4347-b26c-cb4251d3f14b
305,22ac91aa-7415-4812-a923-9aed0693d470
306,3704dc57-1c19-4585-81e1-4264382ec2ae
307,23b451b7-c7e3-4cac-84fc-b539f34d7249
308,abcca6c2-bf72-4563-91c0-9413998919e9
309,7d7271fd-5488-4967-84e9-4d21da68775d
310,c90910dd-de27-435a-9b3f-ca3ebb8344e1
311,c805dfda-de4b-42cc-8345-edfde9b7bd73
312,927275ed-c3bf-4e27-b353-b67ec1bf6264
313,553db828-b4aa-40a9-bf2c-840a9df131c8
314,931e2a6b-3eee-4fbc-a785-a54b7bbd0ce5
315,210b5710-b67a-4456-b01a-710dda075a00
316,1f1545db-e973-4eae-8e7a-3943d1aa7d4f
317,52c32d78-4f76-4fb5-9356-1f53e0034452
318,7030e093-0ca7-4c13-b45b-0479b34c8d95
319,67e18c82-39eb-42cb-b25d-551c7fb3f36e
320,2f4e7e31-4652-4f97-be46-a16303c30399
321,08da09f5-3a65-4b1a-9d97-9fcab19cbce3
322,1ee1bea4-6b38-4e83-b086-2cdae8cb8a00
323,bc7377fe-6797-4b76-a8f9-420e2fb9bfe3
324,378c492c-3ce6-47b7-9b2c-b9c35606f7ed
325,75b4d646-116d-4ba2-8991-10ef9e7d7af3
326,7c6528c9-9cf0-4d6c-bb20-4bbb02b1e0e3
327,96ea7418-1edb-4e41-b4fa-d90946df0dab
328,e1d81ef6-0d51-4bbe-8172-b5d49868010f
329,584a3347-06b2-4883-abe8-8d4f83cc8a0c
330,675d24cd-ef1f-413f-830a-a9f56af1ed6c
331,7054c858-adfd-43a3-916f-bfc315986ad8
332,af9d94b9-f0d6-4275-891a-f15cb529baca
333,c6281137-db1a-4c96-ad51-c73d55401cd5
334,dc0e3539-0bea-4c83-8a90-140d26233ec4
335,1c0c4261-99a6-42b1-91d5-e266754f164b
336,87fa099e-4a12-43a0-8045-f89b0dce156c
337,26caff01-e691-40f0-a619-469507403334
338,a8f350eb-cd3f-4986-b9a3-b4511db98b0f
339,3710bdf9-bde7-44df-ae82-3ecd9336a261
340,090dac7b-19ff-4f66-952d-f4ea98450d1f
341,ce6446b6-a1e9-4b43-815d-2833d94f3c57
342,67971f1c-8aba-465d-947c-e4ad92650781
343,a160d2e6-4e63-4391-9ebc-60313b6bebe5
344,c6fbbd33-c6bc-480c-9d6f-9ce5f7c5f8fa
345,7e233e18-d2b4-4d2e-8ee9-9d412f337962
346,5c42ee2c-3998-4cee-bb6d-59400488bb38
347,b2b2c626-f139-46fa-8ba4-0cbb79b6d973
348,e75cd239-cdd7-4b4b-b935-abbb99547dcc
349,ff04893c-a5c0-4245-b839-169f714e3246
350,2fc5ca6f-ebf6-4a28-ac84-039d6c38c72d
351,3d566945-7fac-4f29-bef9-1f6b1ef1d28b
352,acf6485b-e401-456d-934a-4d91d790aa9d
353,2d531b65-606b-4e04-b69d-e81a4b3a4a92
354,1c059819-4395-43a4-9a4f-74a3040c3abd
355,8660723f-fc76-4daa-99d7-3c84e95795b6
356,4224ced7-7138-44b0-9c56-918187f96d09
357,5a7b93ec-18bb-4e9b-b571-379c059b891c
358,65263e8a-cf04-46f9-b223-4ef092e36220
359,c0f9aee8-9eaf-4e95-a241-06fa2813f4e3
360,14e0accc-b977-4c38-8287-b9ffa03af28a
361,7c24c89b-71f6-46c0-93a1-fbb6fef51ded
362,c300c5c9-1783-49e3-a645-3e42c40f484c
363,292e5981-783d-4c7f-9356-10b9b39dbb95
364,641f0d3e-a9cf-4a3c-86ae-3607b5a4c3b6
365,cced644f-f7ad-4655-8883-27c23f5510e9
366,f905866b-d2ef-469e-9422-6a626b4839ec
367,416f5239-184f-4c76-8d25-1d032083e4fa
368,94422ed1-9c32-4b62-a8d3-f567c2525fe7
369,0f6e639b-0f71-45eb-9ef6-d3a6aadb3ca2
370,f633a4b3-da42-4a3c-831f-f51e411f4ff4
371,175e42c2-ac64-41d5-be9f-bfd4b1ca146f
372,0883982f-358e-4486-9706-4cc0ebfcbb09
373,fa95d5ca-10fb-430a-a246-67f9f2e0aef4
374,9d5e03fc-ef29-44ee-beee-512178c6de54
375,0dfbea51-05a1-426b-928d-4069ce7f219e
376,8053b415-6886-4a5f-8b12-87f99e57ac08
377,7e9d0ce1-93d6-4465-ae4f-e17c9ddab57c
378,89192908-d2f4-4b48-92ef-d028df3c6ede
379,fee8cf82-fd91-4f8e-a656-3a84aa274344
380,405c7948-be3a-4660-ba57-157363b05705
381,fa06f488-6c44-45b2-9f37-0192d9a49d27
382,77a4ee8a-2293-4d5e-b0a0-51107ab466f7
383,010e6aaf-d03b-4cbe-9411-94e2fe104fd4
384,fe9101e3-1f09-4ff0-b62f-2c83f43a4190
385,67b55e86-7318-435d-bd5c-215d0e40ac49
386,a5208add-38ba-4977-8620-2ea13f3c05b1
387,a7c62c16-6a26-4b15-8bfd-e5ad0c445699
388,d8cd981e-30e4-4d9c-a8e6-31be9b769aae
389,ed34b8de-2da0-4fdd-adbe-9ed9e11941c7
390,5ae0b7c3-e9c1-439a-bb6f-69357aa78fc6
391,04e07058-f623-4ffc-9275-6084dab0ffef
392,285190b3-984b-42b1-b13c-41fc1691f562
393,20420357-3efd-4434-9135-3cb1b22b5158
394,0dec7784-d4c9-4465-a061-5ddace597d8d
395,ccaeba09-6369-45d5-a7ba-bcf2e5a001bf
396,cbe19ba3-f0aa-42b7-bb09-967ef1c93daf
397,3da7ce5b-7d2f-4c31-8fdd-efec603e3df1
398,8fec9577-2c1d-41ca-844c-58816ad54c5c
399,a515ce67-a9e5-4d8f-81d8-a75f68a2cdee
400,726e832d-3a7b-490b-8065-231b6e014240
401,523b84eb-2632-4a8a-838a-1f7214c89857
402,393d8e9f-13d3-446d-adff-b82c3fb14069
403,17272e35-d41d-4507-986c-b12f1367871f
404,f4ee0ff3-e2ba-4f79-8b14-3228b8900e13
405,f148af92-b3cf-48f7-8b6b-aac2142341dc
406,229b4be0-31f2-4bdf-8d76-40051c06cd16
407,8de52167-8a71-44a1-9d12-be8db3e1bdbd
408,61a06280-609d-4d41-99c9-c8334d07939e
409,bb7dd3a9-3e3b-4a08-a379-2b602ad2147a
410,15764785-3dbc-45af-ad45-ce14de754127
411,14c6660a-37f8-4899-8d5f-88cc125621a2
412,adff7315-9e04-49c2-a100-ed8a5fec49c8
413,b7ccb43a-2e80-4e63-bfd4-e762e477e1c7
414,a670786a-fe5b-4dd6-9261-c4de85db2f3d
415,cccc1179-4cfc-4413-9fad-035fbc6fd0e4
416,8c99d613-5f0e-43e1-9a04-d20a6aa5774b
417,3b4eeaea-8a96-4947-a2e2-88683e27921b
418,09693cd9-e10e-425d-bfee-5dc3f74f3c14
419,eeff5f3c-90a8-48c3-ad7b-b47569942d1a
420,20428157-27db-43ad-9d83-39e528e19a9a
421,fd5c4acf-9714-4f05-bc94-d923e65b3762
422,e60c61d2-0c39-4931-8425-78b0e3283822
423,aa7d380b-c065-4b64-82db-20ff4c3651dc
424,f3ed3396-b07b-48de-aa5e-b7fb5ffa1cb5
425,947042e8-14e3-4d47-8af9-8e5ae4bb2332
426,9f38fe21-103a-46a0-befa-d2784eb5a45c
427,f687ee3b-83b0-414b-bd4b-84ae3f55a3bd
428,50a7f55f-fd3f-4413-96f1-17a1839bc1f6
429,6791729c-07f6-4085-a802-e89d87022cd4
430,584beb1d-7020-4d08-a823-f33ff8582849
431,74c7cea5-d3af-422c-a6c4-b99edabc033d
432,a632381c-a58f-4f9e-8473-61e5306115a4
433,35e5b3c5-bf47-4042-8878-27d53947df82
434,c4fddb52-1776-4960-8a8b-63c5bcda408b
435,b4db7b46-9d3e-4139-b641-03d71005ba80
436,66067c80-b61f-494e-8c40-d68633cc6d0c
437,525e349e-0a15-475a-b387-5487d975c6f3
438,d7a1a42f-3585-4e09-85b9-04f0ee01b52e
439,022d81f6-c459-41a7-bf37-1f7867aef96f
440,382a740b-42e8-4361-b8ab-289623a476aa
441,d208928a-3791-4620-9bb3-39140bd228cd
442,533edade-d8a3-4550-9a3d-0ad9a355cedf
443,43abfd09-b67f-4fff-b6fe-ad0a78b906eb
444,e35b1b99-3d40-4286-ac92-0a172787a44e
445,1f009b39-6045-4d64-8b0a-430293d3c778
446,88f3fd15-064a-4068-a8a2-de479de1c0c6
447,ef1baebc-f36b-4355-bef5-050d2b2e4c22
448,bd38ed1d-10c6-4c92-b558-aa0ed1692046
449,a27320cf-6e6c-48ad-b3ed-1835e047cee9
450,dccb1f37-c28f-448b-b8fc-a79cb2d04f91
451,6279b6b8-1349-47e7-a808-8c6a15bb1b30
452,3a37b927-c517-4118-b99f-075bcff17607
453,d7d47434-b542-46e4-8e15-462a6b0358ce
454,14dc1e77-5aca-44ef-a828-8d376a00b4ab
455,54d3482b-8baf-484a-adaa-95d5a3b5d918
456,f42e3fb1-d699-4f2c-bcea-37afdfdc4b62
457,97396113-a801-42c1-a56f-65ed029340cd
458,821d5d34-58bb-40e9-946f-10495a6e43cd
459,2d2a3ec7-cf67-465d-a637-126b2aad81eb
460,1d403c16-309c-4a45-bf1c-4fa53715212e
461,a9c8af4d-9f7b-43a6-a4cf-a63a282d9601
462,e89dd419-7aff-466c-b299-57ed38600d9a
463,13e17972-e397-494a-9518-e5109bc4e4e5
464,fd0d19b2-e184-4ce8-89d7-f70f71b4a30b
465,c2f19f86-a737-48c9-8bc7-c1bff40f849a
466,60f8da74-fe53-449e-819e-3faad9a0a078
467,1c895171-deeb-49d0-b2a5-da051273a6db
468,02ca9219-ef59-4095-b955-29354ef0211e
469,88dce9d2-8483-4801-97af-b36b9b539d19
470,0ca8ef7f-d910-4e37-ae01-80d01fd95105
471,eb2240b7-9195-47af-a600-27f8908eb3ce
472,007ff10e-d305-4aa3-9b26-aac326dc6315
473,da573192-d9f4-4161-baa0-a9f860ce97d8
474,1b1fc793-4b7b-40f2-9c9a-31b3268c2c83
475,1b17200a-a2ce-4c81-8128-51f5141ff544
476,5e9c7585-fb1f-438d-8a61-b5f35b7ecc79
477,f1e9a6ad-b9b5-4dca-873e-73a2e556315b
478,959d2e42-f0dd-48a9-9dfc-72ddc817056e
479,d0bf32ff-4a17-449f-a024-de1f25576971
480,296e477e-576d-4e39-a4d9-1d4f021ce657
481,910eacd4-3e2d-4d50-adbb-2b6f9f98ff4e
482,98ca728d-845d-4ea9-a45b-3538700b5c72
483,af8d4b92-b7eb-4b4d-9d08-1f2269847f31
484,aa4f2529-4e4f-4b48-97ad-aaa79f3f41d3
485,34d51629-6f65-43e2-89da-6f8389e2fd4d
486,bd03a74c-5b74-4d89-88c0-97bfd46e2fc2
487,1c28bd08-2fb2-4af2-b053-cace82c30fbd
488,dbfe9361-a88b-4354-8d23-43837c78afb6
489,b604f6fd-bca8-48be-8ffd-596289769fc7
490,1992f608-a5b5-4f65-8d4e-6932cfe08935
491,574d1d38-bbc3-44bd-b160-b28412ee6206
492,a384cff4-06a5-481f-9109-cd75602ec659
493,7987115a-3814-48bb-8182-272bde994d64
494,7034d3df-3be3-48b7-bd12-9f961400cbbf
495,f7f3b892-f599-4734-8294-8777054c7620
496,d65ad261-9aa5-4b83-a013-9c6420e59b72
497,0f178652-5837-4bcc-9fbd-4413059ecb7d
498,e9ae0bf8-2e7a-4610-8a00-dbc1e760498e
499,cd9c9728-4158-47fa-be23-2249c937e339
500,bb3c77f0-645f-4a99-a5d6-c81f106da2d3
501,f7318c2f-f788-4d55-b81d-922f6baf3022
502,e356ee68-6dc1-4242-97b3-8ee0eb06ea8a
503,ae503e2c-324e-4671-b080-af7e4b7b35ca
504,1ecf464b-e3a7-4bce-9f97-1de22d2990d4
505,ae93fcb9-f5b3-46ad-85e9-ded73d7c59a3
506,48e0cd0f-4237-47d5-a0bb-a70b631e6d20
507,06c75e92-817a-4825-8ac6-3f3e65941bb0
508,601ebb16-82fe-4f6c-bfe2-c984fae5f1d1
509,3a8fe2aa-1940-4e5b-a025-7d0cecb2ec8f
510,7efda0d1-1904-4250-8fc4-1a935732c956
511,883a47e4-a285-441e-9e64-c83e4f8d7952
512,777180ce-a24b-4c14-af46-385a3bd2e589
513,77aed164-abdd-478e-b8be-db23b944fd5d
514,8a0c95e6-4a91-4942-8cf6-0e94db3900ce
515,20d2f13d-ece6-471c-8635-1119f960585c
516,3e0b0f93-3b8a-4dac-871e-0ecb70a488de
517,715774b3-9911-47f1-8a63-7d3db6f8874c
518,e12b1bbc-60f5-447f-b50d-5f3966445b7d
519,ac35b9f7-79cc-48d8-b9d1-f3b2e637d749
520,ebd4eee9-2db3-4df3-8feb-1ec91ce56c70
521,3138dfda-42cc-40f1-928b-95ae5aad5eb6
522,5a815f36-71d2-4642-8bcf-8aaae048fe2a
523,839b896a-b775-4bdc-b3e7-0454a4119fa5
524,4c79e236-1d5e-493f-9aef-05e68bd99d3c
525,6908c002-cf5d-495f-81c7-8010518b1d1d
526,0ce1f4ec-28f7-4a3f-8321-b03954b1d1a8
527,dd0eabdf-5936-4b84-a55f-ea7dfe4f204d
528,d485651b-af1d-4e2f-a69c-5c94d9a60667
529,d44d832a-4e00-4ba9-a5ef-0e5872691869
530,c0a23f58-e821-4245-8b03-f4cad5731271
531,6590f6a8-0e5e-443a-8247-302c020455a0
532,224fa926-3a2b-4d35-a934-9d7243424961
533,a8e92a59-e7de-4aee-9883-bfc5646468b2
534,b8b35dfd-ac79-4658-986c-96ce938a4507
535,ee1ba768-5d79-4322-b7c0-5b0c6f6ef4dc
536,89ca8e1b-fee1-47ef-8651-92332b6c9cbc
537,55ee40e8-5626-4ce2-b474-375f9769ed37
538,44e5fb63-b220-4a54-aff5-7a2552d16e7e
539,195752ea-40aa-443b-9a3e-b65b12fceed3
540,d8a95307-9728-4242-8a51-759d5bb4c633
541,f867354f-df52-4309-8afd-b45704a3a6fb
542,48e46633-8128-4743-b46a-a6f9fd62fbef
543,b702e193-93fd-4181-a562-11a258cc3f0a
544,d177c6d5-f586-425a-8be9-afca2a7fa8cb
545,2bb82784-b089-4b2f-9eca-7459e3531c68
546,c802e938-9acf-4521-923b-56711912aaa0
547,091c58fc-94a6-490c-934f-e5bf2ab86a3d
548,7f554f2b-21cc-473a-9bfe-4dd0ca18859f
549,61f67e2e-5064-47e2-9687-e8125f2ec49f
550,a355b392-92a4-449b-acd9-9b5410d1fe9f
551,37b18a28-81ec-4526-a5e0-43ff559a17ee
552,28891578-e384-4ae1-8853-33a90d9c8afb
553,299ad1e8-5241-4d78-9e7d-cae6d7c9d519
554,3cf90b97-0ce7-43e7-be02-a1d94f2ee49c
555,4c644d1c-33a3-454f-9954-47563a84e851
556,198a7347-f978-4838-b63d-44228ccc07af
557,fbfce87c-09af-423f-8505-ab6e883bf0a4
558,bc819de6-0850-48b5-a80a-a859ac2fd4a3
559,2c04e990-e4b8-4e8a-b6a2-81505e6dc3e2
560,2bfbd3b6-f16e-4f22-89ce-2f2e1908bb06
561,f3ca7d0e-acc3-4069-9bc5-63cd6ae83d8d
562,a155beaf-5290-455a-bfb2-d4054298c5b9
563,25b50261-bf2a-4e56-870f-581d09f7cb08
564,b31eb234-ed28-49b8-9b95-89340226f6da
565,265405e4-d9bc-4766-b042-2f6fb26b6d4a
566,09187e98-ef9a-4f82-810f-0dfb903fb70f
567,26af23ec-b4ec-4eaa-ac5b-7a78b1ad5168
568,10aac52a-0618-475a-8292-7711372ec928
569,feb6bf44-9b87-49d4-b91f-79e6b875b4d9
570,88cff75f-05ce-4737-8444-3190ed26114e
571,6acd066e-ef33-4c02-bb9b-c719a2e8ac5e
572,b7d0aa24-1d46-4008-97de-4abcfbe7867c
573,cf6efb65-90cf-4b29-ae7a-5eb701834643
574,738a47ea-edf8-4372-bd6e-cf5597d8e28f
575,72f761a7-a7b6-437c-b75f-9b3b9eeb4eb2
576,537a42be-4338-425b-b5e9-8680fe706bff
577,fab72f6c-6e28-4b77-ad36-61f62257f60a
578,ab7b08be-9830-416a-b4b4-0e9f2c6d53a4
579,2d016a03-4879-4915-808f-a4f1903f915f
580,8f9d049e-86a8-4788-a1d5-f4adfd2e2d74
581,6d619295-fc5e-4d26-ae3d-f28b4fa0276d
582,6c17e501-abb1-49a0-9d20-e541ab8cb1c1
583,5c3e04a8-ccad-4319-bb59-bf55f7acf4c3
584,92a5f874-d6ca-44c3-9e17-fea8e39080b1
585,9c18217c-b2b9-4f88-af9a-3477a5ebfacc
586,0c65bc43-b1a9-4218-9020-239cc5bf184d
587,0abd5cd3-b208-4d06-8352-ca6f9190113d
588,e69b8f31-c002-43ea-9196-154562601bde
589,1e0f4c10-7f63-4ee2-b38a-f220953f04b2
590,5e577d17-17f4-4259-8fc3-4e76db94a97e
591,6c72f214-d45b-434a-9d0f-477cd79596fe
592,d96b7597-1948-4b4f-b626-a03251f3a390
593,09048307-3c29-46c5-9d97-f8ffca2b7d07
594,526f4a23-60f0-4b61-bd32-e78b3cdfd13d
595,c6632d72-1386-480c-8b6d-281162914f15
596,6d838e47-984e-4364-a80b-353c610fb2db
597,62c7d0c8-ed4e-4ef0-a24e-44488fa65d7a
598,305db9f0-7890-4300-a429-ecece82ca201
599,7c33fd2e-a755-4bf6-8384-5def0d7df64d
600,3c5de126-4b1d-476b-a7ec-a905a5e2a464
601,1231aeb4-c7ee-48b1-b407-8f344e3c3581
602,d21d1764-76d1-49dd-9798-b7c6d19e4b6b
603,47c5585a-3da1-49e7-9763-7caccbcf7514
604,3166c284-9160-451f-966e-3bc02e111216
605,1c59216f-7297-4408-9637-f3547ed46673
606,40b2b9f7-043c-4410-811a-7fa98d3b0be5
607,712ba317-9d5d-4cc2-ab49-a57256badeb1
608,ea33701b-4c4f-4745-a11e-d156d9817146
609,0c52cc42-e628-45e2-899d-ab09a02ea946
610,8b1bcd10-f481-4eed-ac3a-3c6a69ce3441
611,1846d2d9-092a-4e5b-a7ea-068c424aec35
612,61acc61f-1480-4056-8c69-cb7de333c52c
613,20a6e602-5f41-47da-a666-95220d638df3
614,231fe1d3-997d-4ffa-b82a-aca982529941
615,6494618b-8e55-47de-94db-575e2d04d90a
616,9895b2c9-396b-40f3-b38c-a4b2fa4d17ab
617,ed3bd1be-c692-45fb-ab8f-b6485b13d2cc
618,4184b38d-6067-479e-adc1-060e37a8e10f
619,e98164b4-e248-444b-9979-47f9b4b467e3
620,6379e746-9ca8-466a-b6ed-9a40e7cd8f26
621,11569643-a858-487d-80ed-f1ebcf9da4bb
622,8b39bbbc-9ecd-43bb-82d8-894bdae05659
623,2f34081f-d371-4d36-9759-0c3a21c892e5
624,4ffd77f4-0a2f-4f7e-8f24-06b5c3eebe28
625,7cf4446e-103a-4247-8f65-717e8c7ea996
626,4d22d7e6-3dac-49e9-9a20-a6b882699c18
627,886fb648-a28e-4f51-8235-661346387042
628,093d5840-827f-492d-b353-9e61c2c4b42a
629,1afd5ef8-a0e7-479c-886b-75a3ed5611df
630,e1a34a26-adcd-40ed-ba61-ce364d934cb9
631,f7053bb9-65ea-437f-bbb5-f32df5f027f1
632,4d7fa532-fa81-4a87-8112-7f6de252b9ef
633,0cf43d2f-f6db-4b94-ab21-1de3fff8aa3b
634,883da1b0-be49-45f4-9a4e-b33528e098b1
635,f6959c77-a489-4bfb-8f19-f0c3792ed31b
636,4cff602c-1560-4951-92d0-32542ba93959
637,adf744fb-76ad-4303-819a-6cc90d336ee8
638,2ecd354d-9622-4140-b94a-a5b6878e2df9
639,78768505-2ba2-4904-8ec2-de950251913c
640,bdabbb68-ecd3-4e51-be26-47566e0a01cf
641,59d8919b-0797-4716-bb28-38eed826483b
642,480d139e-257c-464a-9381-c02d26a81ca5
643,6a877d41-16b0-430b-9ec1-2b19c0244cca
644,8508ed64-387b-486e-8595-5aa81275bde0
645,b50200cc-8ef5-4577-8037-40347e8ec835
646,78fb9ed2-d04a-4623-8e39-5f95ad5f3d19
647,dcaf9545-07d9-4a73-9cd1-6568aaeb0623
648,ea0ea45c-41e9-464d-b53a-a649d82d4775
649,58a7de4f-2663-4acf-890f-c91db4d15ee2
650,c5da3cfd-2d39-48b7-8af7-f86ca23d2e4a
651,edf66a01-c910-431c-8f60-8b8083fe5c70
652,e1cfb26d-f553-4d1e-9f43-2aa39207bdeb
653,4652218b-806c-4a61-8786-ea05f52357e4
654,403ed4f8-6222-43a6-a4c5-fe107b2f0d84
655,0e3ce61c-7e03-4359-b85e-056c53e0b744
656,210243bf-cc9c-46ef-98be-4213b437def5
657,ff40543f-3313-4793-bcb4-31cc598bc650
658,0524f9f5-6bd2-4f97-b33a-125f9d0bbb19
659,ef705be1-b096-46ce-a988-5e5f01f93f4e
660,7d569566-acba-489f-9aa0-b91c1eefa4fb
661,6fa8ca84-6161-4fe6-b71f-5b6009133c3a
662,8308ca99-c2d8-42f8-8b99-cbd38dac1938
663,76fb7f6e-6a77-43eb-8bd5-d95862c1a670
664,0de405d6-b19c-483d-9fe2-c80fa1f4b152
665,bc2723b8-fae1-47c3-9235-700ffc853ea3
666,f965dff7-2cdd-46ca-90f6-d70d350e856f
667,d316db8b-9788-4d88-a909-2af1a0b4883d
668,cfa5b686-6526-45ec-982e-3a71535a7950
669,84c7f507-e66c-4204-9c12-f0c36257e631
670,7cb00c30-d3d9-414e-b457-c79601ebbf1c
671,010a6057-ef19-4496-851c-ba1bf150f4ff
672,207a715b-7f81-4cf9-9018-b6ed7604051c
673,74109b9a-5505-4ce8-b028-cd7186f0f706
674,cade981f-c2a7-4eec-92cf-ee57ff4ece7c
675,6359f153-b079-4692-9774-c90818301f4b
676,109b51eb-6202-4adf-8664-7377105b7df9
677,21dfe281-2311-4b9c-87bd-152f0807d65b
678,e75a784d-9f2a-4fd0-a49f-74ca0c8ed127
679,0da4e8a7-6ad7-42a3-aa17-5507647c472b
680,729ad2dd-decb-4102-b51c-145ee03a75a4
681,d2f34f96-3b01-4ec4-8071-1abec62ea5fb
682,40d7b703-0ca9-4d2d-91cd-e99ed50cd9de
683,61c8c31b-955e-4a04-afd0-4d7c99c62b36
684,24dca64a-46a4-4965-92c5-870e5b1f998f
685,28de900f-b0b9-44bc-95d0-c141a2d929d4
686,dfa07121-2fd1-4266-8bfe-cad53ee74a9c
687,c45b09b0-4aa7-43c0-9182-df94d9487b39
688,b2f85203-ca56-4c04-8ea1-4d5f1aa6e665
689,c78db85f-82d5-4598-991b-e23188c3bb09
690,ffbbb749-30c0-4577-acb3-7318fed01999
691,91199e43-543a-415a-8046-5da3e4d63d26
692,6f1e5b70-a9fa-4fa2-8cfd-317ff29ddbf8
693,0549a10d-8b6a-42ca-8ed1-f5ac452fc298
694,f752c9ab-d7fc-4871-b9ba-4c0093ed0734
695,6aa8cd35-aa78-4781-90bf-22874a9b43a1
696,65bb5f3c-4f36-47c1-b490-60071bc4a5d0
697,ef9f0363-6148-4061-99e6-2e47d41695cf
698,72ab0fe2-623a-489d-bde0-ef63d57589b1
699,3fe3a33c-4019-4884-b1e2-a0dc50e8907d
700,f9f5d07e-6171-4f2f-986c-bcbce6f33a0e
701,479160b5-b1f9-42e5-8827-ced19f3ef426
702,faa9dd17-8ad8-4d77-b4f5-0b456a452235
703,cd35b25e-588b-4f4f-a1bf-1cc6df213302
704,e3f1af0a-9356-493b-ac7d-ebafe970e00d
705,43f951c5-7e8c-4368-b297-d6b390095938
706,55b8c57f-6052-4529-befb-6f11a463315d
707,bf0cdc31-5569-4a1c-b44b-9159817f62ae
708,fe0d11f2-f3e9-41b8-94cb-258da9e62a1e
709,df7bd806-280c-4d83-a82b-77e277583b2f
710,bfd16d22-11c4-4656-8121-38fe403ae811
711,935811e0-c4bb-44f3-b767-9dd901c964f0
712,e7f6a8d3-7edc-4e74-8e0f-85d081b4b309
713,056cfaf3-72f2-4cfa-9595-1f4a6b6ec184
714,9c50b686-8e1d-41dc-a48f-a2ff30540a74
715,a6d8ed6d-ce36-467f-a75c-ffa18bb34266
716,377010d9-8909-4f97-9b5a-860aa9228cc9
717,fa0f7eb2-bdbd-4066-8d32-d56dd4b22cc0
718,2f591984-7bd0-4450-9649-6cf2bd9228ac
719,a0ec1e35-0ee1-4666-9cd2-2add2e98e39e
720,6c52dec7-2b4d-4776-97b3-5926cd6fc661
721,8f9bdf40-06c3-4cb0-87b0-505d6f895f60
722,28879b30-18c7-4a19-a72c-81b081e513e2
723,ce75d231-cf3f-477b-86c5-f8b69ea5e05d
724,8e60ce8e-794e-4859-8451-57b030b3546f
725,e19feae8-4e53-4c86-8096-8d2301b755bf
726,85dd1648-ed29-4690-96dd-9d8e986494ba
727,4d975f9a-bc0b-4d0e-837a-fb9590423dab
728,1456b3fc-6291-4741-961d-1a14d210076e
729,8cea4a61-fc41-4e96-a7ee-cb09098efe65
730,88f92172-bdfd-4792-a0d0-6f243051f3a7
731,ba10d403-e1bb-4c1e-afae-9d5d257c3251
732,cb0fd516-d443-4f3d-a214-6a36aecb65f7
733,8aee7449-c09c-4db3-b26d-24ca2d100b69
734,36f17f9d-ba13-4513-9f4a-46718c57cbff
735,57d748e6-7ecc-4e57-b44a-26f6273a7ec5
736,915f085f-6a4d-4ce5-a594-8c8c9334d6fa
737,638a6ea0-ace0-47d8-b560-d71ed3706c13
738,84e7b340-9387-4c7c-a5bb-92342483ece4
739,9fc560d2-f24d-4c1f-8508-e3d9b2192db9
740,3146bc2d-98dc-4dab-8c86-e743a4ee3d06
741,71f03b20-435f-48fd-babd-bc0bb0789bf7
742,9f541b94-6f99-43c2-9a26-fb13ad8e1403
743,f63d8d24-ee92-45aa-9009-a97053f1ff47
744,e87df404-1099-4054-87e4-c1524c33c74e
745,47ea5c85-e49f-48e3-bd8e-5c073212674d
746,8f11994e-629d-4464-8c42-c7f1be998532
747,fab1d5fd-2118-4483-8095-d580db9c920c
748,3949f595-3cfc-447c-9fa3-30df6226d247
749,57f53470-5738-4084-b87f-f4c5a6c674bb
750,389a0b67-76d7-4bae-adce-db76f232f081
751,2c281646-c727-4730-bea9-b6dcf66a0d41
752,348f369c-c405-48e8-9b47-bbfbdd5b62a1
753,1161f1c3-c303-4371-baf0-4001810b9a0c
754,825e424e-d014-4bde-9232-5fcd8ad98e7b
755,182b70f4-76ca-47a0-91f1-4e4e7b565828
756,8f4ec0ec-ecaa-466e-9c2d-bc25e4780bef
757,a31f7b24-e8ec-4b6b-8bdf-486e0bba2d24
758,fdd9c955-0582-45be-a58a-574dfca6d094
759,d6a1c76a-d938-4d5c-983f-e10e82120ecc
760,e3a96902-211f-4fa8-a2dd-4369654fc37e
761,75f79103-fbb0-4cdb-ba33-59cd385e6208
762,55209df9-156b-4ce3-b6e5-a6eea8b2477b
763,ea531dcb-461b-4354-9538-1eeb321656c0
764,ae380ac4-e2ff-4bf8-8ed4-f93d7f6c48c5
765,9c69debe-83d0-4943-9908-d30e929ace69
766,b0a0a870-83de-42b4-b4a3-76fcef013e14
767,a3fdccc5-b0d9-4792-8c7a-c8281da4104d
768,eac49679-be59-44ad-aa77-f91a3cb5fc4b
769,142c612c-117a-4bea-ac1e-695b15edcb83
770,f3188801-4523-49ff-9fc4-00dd1562b286
771,e7df581a-6d58-4841-b3d8-d832094de78d
772,e9845f30-7f97-4ebc-b9c7-becd87da36c1
773,14a70ac1-a1e6-4954-8d07-37a985651704
774,1acbb3ac-2dec-4f81-a8c0-ed62414a9c25
775,05df1b2f-db91-43d8-9465-c21b489d62f4
776,320ac0f6-ee50-4fe1-8b44-45b9f2658f65
777,898701f2-0fc6-46ff-8f9e-e97dccf77158
778,48be03fa-91f0-469e-96e9-3c2a3ec0c885
779,e3ec5d06-88a2-451a-acdf-8c784a8fd44e
780,068470a6-7857-4029-80eb-6461dbbcfbee
781,5ea5ab51-8480-4c19-ba16-7adaa60f8f54
782,0d86d8cb-bab9-4ab2-8870-955947b073e5
783,2c2096fe-bf10-4959-973f-e6396780d4d1
784,7e32d74f-4813-41e1-89b5-9fd1de77086b
785,fc8f72eb-c29c-4e1d-ad8a-4a82ca1eec7b
786,9159fc6b-d570-4ea0-973c-0fa73cec3169
787,b17d8d72-fd12-422d-a486-c69fdfd03118
788,a62b46ba-43d9-4116-a483-d7b3143f27ad
789,7dfd7c73-c224-4406-902d-68f55597de22
790,359d1138-59ec-4426-8def-fc7a2d046aba
791,1013aa65-a274-4191-91fc-2a6e12702ba1
792,0ec671be-17e4-441f-8167-916b701c1e27
793,96eb8769-1ef8-4527-92cb-edeb1b2722bd
794,d30a106e-418f-49a9-97d0-d474abea5df2
795,ab29bd13-d6aa-49e5-b9dc-0b13e88ffe72
796,5e788905-3738-44eb-bea6-a23430c7c6e9
797,ea239723-e337-4482-ae10-177fae776711
798,4ec6dc8d-58fa-4797-b927-1a60ea0440c1
799,c3d790a0-60c1-4587-8dc8-8504a90e44d4
800,ba7829d3-2157-4613-b4ee-e11c541ff30c
801,d0a6cd82-946c-47cf-8555-3eaac3cd6595
802,e35f2d32-925d-4688-839e-638498e69ef7
803,ab2d7da1-a3f6-4d8f-9b86-05e9a8e13468
804,01f6e5b4-af28-4162-971d-408a789d9827
805,b6ede7d1-a042-4169-9c45-79c81ccd9001
806,52d506cb-9e2d-4931-89bb-f5c343bffa6d
807,16ecc461-5169-410f-bd2b-c492b5b01af5
808,9ae5bd07-522c-4f32-aca9-e7a2922e550d
809,98a9ceb5-6021-4c14-91f1-e2968face2b4
810,971552c2-25e0-4104-b06e-32fcc0f144f4
811,21d5bce7-f580-4eb2-b43f-63aae08d7fa4
812,c1ededdf-9bff-4989-aa35-afb452df8a47
813,e403f7a2-caac-4f50-8775-4b2b73ab951c
814,abb9d313-90ee-424a-8dc1-3c14a371e82e
815,484401bc-b992-4d8a-8be7-1b0f43d2c229
816,69a9f0e9-29e5-4858-a5fd-c1a3dbf9ad90
817,8f48fa4e-6c35-4fd1-8b56-7a32ec0984a9
818,fe0ad69e-518f-4d7b-b2a7-73da8817ab4f
819,9904a621-8506-4bf3-89fa-7d77b0a59f22
820,fe55a097-393d-4353-abd1-d6b58183fd77
821,6b191ff2-f7db-468f-8817-445591ef30a2
822,49c7a55c-0a1b-4cc1-b524-7fd8367484f6
823,ab685569-32f5-4fec-adfa-cb273b947e79
824,a698ae3a-0c54-474f-8f00-b415b4ca4d24
825,4095d4c2-552b-4bff-9a01-2ee348bdafc9
826,e366d730-9a5c-4cd8-83ee-97b821185bff
827,bba1aadc-4942-4862-bf06-cffcbab65c55
828,f4a44bf8-0b2c-4f8e-bb1e-f29b7decf1a1
829,b7214403-6cce-4619-974c-2a949d272315
830,cb88d576-84df-4c55-845a-95e4d97fe161
831,41650028-7985-4d8a-94fc-b3fd25b70ef3
832,7d53a70a-be2f-4675-aa1e-05e04ae5b2fd
833,1d081cca-177d-4a06-8f97-18680c031d78
834,3c835960-02da-4ee3-9f08-73652c94655e
835,6c96003c-95e8-4b81-a26a-ddef7cfcdc3c
836,c45557fa-1340-4865-9a08-23556f24877a
837,19c2e1c5-1e1a-4f9b-8481-b0367b69b6eb
838,a9073d48-f81f-4d0c-aa22-63c2068f0ad5
839,ed5c937e-6cf7-4f7c-bb8b-77444364cdff
840,c228bd13-a740-4ea5-880d-8adc2c866e17
841,0aff7e45-0395-41e4-956f-1e0cb15ba49a
842,760d8d41-f906-4108-a1d3-430c6478ae24
843,50759ec4-0edd-4641-85d7-b3954e4ff44d
844,d3d76304-3420-4a35-965c-5357eb15defd
845,9ef44cad-28a6-4ec9-a95c-29a542803b21
846,c0eaf725-8a44-42a6-bde0-5c962f1d6861
847,51f561aa-32cc-4b62-8b88-b2e7d0fa9958
848,159ce520-a1bf-4b52-a896-c1e59f9499a3
849,083cfb1c-bd4c-4013-b802-2c8ff269df91
850,e66dd03a-3f41-4130-8b92-5f890c3621eb
851,4aee536d-ff36-4dd5-a1a3-e7287b4ceefd
852,e7de5d51-05ea-4b8d-98f4-498b8267adce
853,5f37e9be-502d-4e34-9137-304235fba4d1
854,c8bfe925-fde7-4507-873f-b4cb23f5f4ee
855,0f3a2d2b-518e-4f78-acdc-27b7827ef294
856,0100acd5-f193-4696-adab-90d68f95c18a
857,91153da4-ffe9-4d5a-9d96-7b98e9c6f3d3
858,518671ea-4f4e-4bbc-8296-ea7057dbc17b
859,d94ca114-002a-4ac2-99e2-7d5e944c495f
860,646f28c5-646c-4fac-9efa-d983aa468794
861,24961152-70bd-488c-91a8-0efc401d3b61
862,b780f33b-866e-4387-ac6a-6af251409bb7
863,dd0267f1-c6ab-4af6-a94e-ae662c7f29bb
864,1a184b8e-e803-4fa8-93b4-61ce3b1b9b85
865,d8b28220-0769-4556-95f1-190f3aee5dde
866,8a276586-481e-4a2b-8ee7-f2999de9e0a0
867,a0f443fe-1362-4efa-8cd8-d60dba0053f7
868,1176c3c6-6ced-4c3d-9f8d-c2ffdd8ecce4
869,a00f141a-2e50-42e5-8015-7a4762849deb
870,1bf6de48-9845-43cd-af2d-051b7b3cefb6
871,7a7da5fd-3590-4fab-9170-3b7f05bcd994
872,ee77b965-024c-47b3-a538-8f9ad8b26e1c
873,ac919a31-2bae-4a6b-bcff-84f97c04a36d
874,86ad4cb8-1604-4ea5-a734-46688d0f87d9
875,f9ae56af-4763-4509-886c-8245e62931fa
876,c10e909e-4f78-451f-86cd-78184e244673
877,c050ad12-021f-468c-9c95-1f0cc63bd810
878,8e6b8313-8bca-4214-920a-0406673e76af
879,45235c64-84e2-478f-b93b-9deee6bbe35d
880,77ba79e8-bcc2-45b2-9e67-6477154f2b45
881,98fa6d10-b925-4b01-b73e-766ac9c89e1d
882,54f62e76-7fd1-48ba-9605-7ed2030ccc90
883,f7585eba-4703-455b-8316-c264d08cf4db
884,098a5c2c-0720-4842-9052-5a697601ee5f
885,38356f7b-c4ff-4847-bde5-7e7099c5d94b
886,495e24d7-bd69-411d-9fb3-cbd396a59cdf
887,3525ea55-a507-4d37-8e98-f9f69a2b591b
888,f2597c31-07da-4a52-9800-a12a63d32844
889,e3e2cc61-5766-45ac-8375-5c47583a4968
890,b6dc6f1f-6c71-4e7f-bbea-2f5dba46e083
891,f87387fe-1554-4b98-933d-c173d91e24d0
892,11bd9824-c84b-4d2c-bdc4-e8c97d3b682f
893,5a2ef82b-eb12-49bb-b06b-c33b9717181f
894,62cceb60-27a3-4939-908d-7eef8752402e
895,3b4002a7-be1d-4655-9c4e-b752f4417756
896,45048083-5d02-4b19-b163-e44c054e64b4
897,35506a00-6123-46aa-b6a6-5b269f1b8212
898,578e9ada-63a3-4b07-b31f-4d735eeb33dc
899,76624910-9b5d-494c-994e-8bfaee43674b
900,9c7fcb79-f89a-408f-b165-209fa9fc025d
901,1e976479-ae88-4618-92ff-f71f31f1480f
902,d479694e-ca8b-4430-93b1-d2df0a7912a1
903,8700f973-bf14-4332-bc28-82db8485d7a7
904,62da8185-f8ab-443f-a0bd-93db3e6e96c1
905,8fddc3e0-16f7-42f4-9fda-ac5fcb5282fa
906,d541b38a-00ce-4af7-b1b5-f37cf15ffe41
907,c4532d66-edb6-4e24-8b94-9508d339e5d2
908,c44d39b2-2bad-4598-9cb6-a2702a29b6a6
909,8d5ad8f9-1059-40a6-a480-4e2a3cd31557
910,1e0bb6c0-def5-4452-8ff2-0eb2cbd764fb
911,ca280ab8-fcac-4368-9644-08ffc6d3284c
912,8d9a24e3-3f6a-478c-9282-89985b36ef59
913,e683c76d-4ba7-4062-ae91-c6858fcc2938
914,aeb8894d-0906-4f60-aaaa-1b3b16f2ba06
915,d9276b76-5899-40da-904a-ea47b93f0449
916,73b169f6-b588-4693-9a25-f53b61681f06
917,2c220244-fe30-4f87-85a1-9cf602760a95
918,839c00a9-9c48-45af-a80a-79cd813985a0
919,28a74ebe-5aae-4726-8c79-1c2386f19048
920,55cb6c45-9192-44fc-85b7-15dc3103290c
921,febcfc84-f6e6-470f-b97d-46301b4deffd
922,0e3cd0df-2da9-4cf3-93b7-9a8448b060e6
923,6fab63fb-c5df-42cf-92ad-5e0999a448ba
924,74c89911-b2bc-43c7-bed2-f0ddb303c31f
925,a3d31d36-39ee-4c56-b819-2a047323c2b1
926,a05aca86-21c0-47ae-a424-a768f75e638f
927,673f2ed6-327a-4a78-9fcb-b29acf02b8ed
928,ad303ae8-d5ad-47c3-af57-66e06a6cf226
929,82704119-a88c-4e5b-99c7-4bee5282faab
930,0094238d-8aff-4952-89eb-d48a3e1b8993
931,95ad6a97-86a6-47d2-b37a-73d8b7a67577
932,5104f50f-8f87-4251-af46-8452d8e663e3
933,21cf1aba-3c0b-47ca-b7cf-6ba2133d97bf
934,17b13d82-bdc0-4ba5-a6a5-7720b5661999
935,f7e1cfc8-770e-4bc1-9952-b68014834760
936,4c9d3215-e1a2-4fdf-ac57-b720deb1c20d
937,4c1a0d00-99d2-4ad7-a910-ec8cdaa0d6ef
938,bd4db7ad-05e8-45d9-a9f7-8028f389fda4
939,da609345-96ce-4ff0-9323-9b46e0b6b009
940,74d615b7-73c2-4188-acb6-760eb8deb250
941,195f5f84-f979-4fd5-af47-c4612ab886a0
942,ef2756f8-2b90-4e83-839d-2010646d576e
943,e014e165-8394-4b6d-a2ac-daa6b35b9f42
944,6e7d01c5-4289-4d84-a433-f20dd6e94795
945,cd6b0fb7-3311-4041-92b1-26ebfd54de11
946,d8a935a1-71ae-4135-b5e1-4a1f11863c50
947,04e21813-0ee9-49f7-9fcc-2da3d9ce2802
948,a83b7138-0733-4d50-b887-3e628aeea0d5
949,2230fd28-8048-48e1-b6a9-afa17d0d5eeb
950,46c49faf-ecf6-4a38-9d98-c0a9b65ad32a
951,233485ac-5b7f-48b4-b77a-c7ad4521d98e
952,dc633446-3c89-4e80-912b-a7bb4913ccc3
953,97f6a8ec-2c7d-422e-aa5c-24b9186fefa4
954,abfc7319-0094-432c-9b8e-d8be6fc7d056
955,cf210fa5-9ef4-4771-ac73-73ef7a4993d1
956,ffa9fdfa-ccc2-45f4-94e0-65ecfdb2edad
957,35bd0931-225c-4055-b7d6-ca3b18e29f8c
958,3e37ae1a-7da9-48ee-bfb0-11631dbc4b12
959,58cdfa14-82af-4f72-a0fe-c16c86bf269a
960,1d3cd7e7-f4ec-4fe5-a90a-02c7dd4f5d3f
961,e6a702c2-3a2d-4224-b842-7bb8d604fce2
962,6b82469b-c37e-47e9-bc8f-44a6e5d350ba
963,6550121d-ac09-4110-a4ea-b47dfaf004a6
964,89e3e4dc-eba2-4898-8319-8b78c5077573
965,535ccdf7-621d-4d03-abe9-373e8edf5541
966,2056b27b-9d20-432e-bc1c-fe4daf20e51d
967,1e0810c4-405d-43ef-8e3f-c0a3e8b695ab
968,1f88a116-c762-4999-b5dc-cf43b3a78657
969,cd2c7440-d252-452f-91ba-ce4fddbf126c
970,a4efaca1-39a8-4796-a8f5-cfa4d599d2e2
971,496f68ac-8f28-4dd8-a110-0a6e30a20736
972,8230fe3b-6ab6-4314-9b52-58ca5296266a
973,2eeb1378-5961-438d-8be1-a86335920676
974,87ba173e-cbb0-4d3d-bfc5-b08137821081
975,28cc8ddc-1f59-4cea-b56c-ff421a7fc957
976,50eaca70-4bff-41c3-aba8-7a3a7ffa7c42
977,4e8c8093-613a-434b-b57c-b2bfcbbd6b10
978,dfa73e0d-760c-4cd5-b762-24b86c40c928
979,3b9fa08d-5074-4e10-aeda-b7c111810575
980,df5654de-e002-4b4d-9c95-7c6810cd740a
981,314cfa50-b252-4d5b-a9c0-36a312142bd0
982,3e1f9506-26da-4db4-abae-d9861dca64c4
983,679cba90-6643-49d8-a7f9-d5772a619b3e
984,32fbf84b-2474-4805-8b5a-a4fe58bd3639
985,17d37143-99a1-4cb1-8024-300938bb28b5
986,81b0394a-349f-4a4f-8e52-4661d5bb54d1
987,f4a7317d-b426-4cde-8782-3184721975a3
988,5699a0dd-89a7-46c5-a38b-5337cb9d4b70
989,bf3983cc-b4e9-4841-a49e-1cd234c4b099
990,e4b54e62-5731-44ba-a625-c1e55a1daff3
991,68063890-0fbb-4b92-8945-9072c32a4ca5
992,52e59219-76dc-419a-b235-eb0768a15cff
993,68712fdc-30ad-409f-8c94-068eaab3d37c
994,05c87019-5e1c-427e-9bda-ffaa926d4ff1
995,c88c0a9a-88cd-48d4-946d-f19927fec6a4
996,2bef518c-04d6-46a2-8bab-eeb52e9fbeb8
997,815cc260-082c-4ad1-baec-b06cdee848dd
998,ad1e13a8-67e4-4784-b868-f95ed9e0f511
999,7d11b397-3f0a-490c-8cdd-dabc7659ac33
1000,2dec1332-4cb2-4706-9e8b-e4c0504a9d9c
1001,4509d70b-f5c4-4441-b083-6bb34bd2407e
1002,d857c0b6-ae25-43ae-9b5f-5927ee0cde1b
1003,f8e92bca-9736-40b2-949b-f1bd71538f6d
1004,792c0192-b43c-4538-bd0c-4b614863b08b
1005,8c0502c7-c393-4c5f-8565-0d0335285263
1006,72af2134-5169-417e-adb2-676a64967bd2
1007,493752d5-76ce-4f0d-ad1c-425441e4ed5f
1008,c3cf91a3-8077-41d1-acb0-7c639b6b6bb1
1009,6dfd2c05-335d-4e03-8109-b11676eead4f
1010,31c32f9d-4e8b-44fe-8635-ef629c98dde6
1011,85be514d-486b-4ffb-b560-3fbd30e0b10e
1012,2d35dc05-bbee-45d3-9a87-9e24bf9cbf0e
1013,3ed4c194-1527-4089-a159-bb96e50afcdf
1014,77d124bd-92b8-44c2-bbd4-fa57309b771b
1015,6cb9bf28-2e37-41de-a14d-d896678408db
1016,433a535d-f9ea-486c-900d-41740bf4d42d
1017,04088d72-5140-43fe-b908-980d48343539
1018,e857c198-3be1-4071-9fe4-0c2e0b15bf2e
1019,c81a4434-2ea2-4a9a-b2fe-d8c7fbf34729
1020,dc9f8645-ceb1-48d5-b8de-251130248433
1021,2b8795e6-753c-4ba3-9388-dc1abe437c79
1022,7fc0ea10-c6c6-4ba1-b14a-7a87a0df1292
1023,cd8bd119-b870-4287-a33f-826c0fbc7099
1024,3eaf0261-96ff-4a1b-8858-5c77202ba987
1025,41651daf-b17f-4f8f-8289-e36425621e1e
1026,d003ab83-e4b5-4f35-a9f4-494ef66b4b3f
1027,d979472b-7b77-4885-baf7-3b02d9df0c40
1028,076b8e09-3207-4363-8468-a3e5b2287246
1029,6743e25e-8082-436d-bf60-7b0a0e7e4bf2
1030,a5b2a479-5606-4b58-8d4d-a9bb6a8b8dfa
1031,c4c8c78e-56bc-4e1e-9dd2-022b779b9d56
1032,c77c62a6-dc8d-4e92-ad2a-b9745911248a
1033,2dbeab92-327a-4b31-934b-73ee4431523c
1034,8a632201-17d6-44d0-ba91-109c73b92b46
1035,bec86651-ddab-4e4a-b03c-004579686d1e
1036,2c408541-5416-4c10-981d-62616556e167
1037,7a0e6399-5bcf-4151-a837-91e67dd4cb3f
1038,f21901ed-6ee3-496d-baac-65bf79b20c85
1039,640aa16f-7b4f-4c7a-a19d-5bcbeeb26211
1040,cf986cae-5840-40c4-b7da-88f180ee96f0
1041,773ca3eb-1ec1-4df0-b362-b40bd23149aa
1042,30ba59f6-4874-4cd2-a9b5-53eb65b2eac3
1043,b5ed21e2-80f3-43ef-8d46-ee0e63ccb5b9
1044,67d5798a-0b9a-43e6-b9d1-6a9124e3d467
1045,a4e655ec-a9c3-4abb-9434-76b4cb1a2faa
1046,35345bae-e1a9-46b6-96b2-5d8f9f54da09
1047,249ca45c-2dbc-42df-a783-f4c589e2026c
1048,7debf6e2-ec99-46ab-bb23-b7ac7dab9152
1049,92605a1f-7457-4684-b232-0aa0d9425db2
1050,12a91ef9-c3aa-4b9e-bd84-0271f3d26d67
1051,871956e2-7d48-4a34-8817-b9d88de4c5c2
1052,9de7b6f4-80be-4352-9256-bf98365f175e
1053,b88e035a-1881-4319-a755-09cb0b1fc7de
1054,4383c309-acf8-4704-a349-3cca708cbde5
1055,67fca262-8a37-4ed8-98ba-6e9b8db373a7
1056,b32a76a4-d317-4850-9288-30747145384e
1057,ebc8f738-e2d3-4639-9b53-2a11e4073645
1058,cd12fd65-6cff-4615-a2d3-44cf35c1c949
1059,a41f2945-c42b-46bf-888c-16f1ca9b7d73
1060,0bac7e08-fc6c-4405-8745-8c69cc1a8c4f
1061,a47404ae-2a75-435a-bc3e-198dd4b4d874
1062,c898bd79-34a5-4e20-ab5d-93dd8332d7c1
1063,6dd829a9-f7d1-4b35-ba68-b3134198a38e
1064,4c370c37-6400-44ac-b3a6-bd50678ba0cb
1065,ababe788-0981-474f-812f-087e9b3adfbe
1066,75485907-4b90-4a02-8751-1b4a909251ed
1067,feba9857-2fd3-411e-aa6e-0e374b8ee988
1068,4b75d1c2-af6d-4b9e-a110-75d82657b1f6
1069,0d0955ff-5fc5-47c6-af69-5cccc584d432
1070,2d7005b4-e783-4767-a1e5-32c9780bd456
1071,46bdd575-e8dc-4f10-a49d-08dfaa89307b
1072,f89c1ab4-6c97-41d8-adb5-92719446ecac
1073,e741418b-75d7-4a06-b1e5-5a63d11e73b8
1074,844da783-4f45-4fe1-be38-3bbc1356337c
1075,5b55cae3-9628-4f46-8444-4188586db904
1076,ea4ab86b-f6b2-41b1-8426-2b45f36e40d8
1077,e5b7e122-d70e-4908-a01c-8bd4efee825b
1078,4ffd2acd-24b9-4892-ae5e-e5fef18ee32e
1079,c49d3869-c911-4aee-968d-12728e5e0036
1080,579763b6-377e-4748-ac10-0d7a6f6ed24b
1081,26956f44-a244-4f7c-ac12-e8351689a375
1082,5fc0cbc6-9e19-47b6-aab0-3edd5ec0707d
1083,2beee722-2336-4e69-a928-065e924b6855
1084,fe54f6b5-7391-472d-a649-5085fd005ebf
1085,d991e97a-895c-4959-976c-f6fd2fd4585e
1086,6a1147bc-d7b9-4fa5-b5f9-7852b6e935da
1087,2298eaab-bc93-425b-a9fd-e5d7491a18d5
1088,4445e31a-b268-44b5-8a0c-123d45781346
1089,c8add85b-2761-4696-82b3-1c4fdf54534d
1090,0974fef8-e0ee-4412-bc03-b1dac8fc768b
1091,0949ea4f-4a3e-48b3-86a3-cf0f88c0f0a9
1092,e405c649-1222-44bb-9990-6c163606706b
1093,8c087657-7874-4981-aaf8-5dce0e5e11e8
1094,6924b96f-8bb3-4b84-811c-33f8b9207a78
1095,a6a31996-e2b2-46f8-8674-b8dd40e39082
1096,e232f5c0-937c-46a4-820a-ebfbc70edae4
1097,20b65dd8-c411-4647-9d8a-854dd0425d62
1098,d790e611-fb77-4e07-8ca0-e1acb72958f4
1099,6354ddbf-6812-4463-a3f0-b92e1e77b63a
1100,349a28f9-a388-4bc1-9e68-40d6397c929a
1101,21f86f7c-cf27-4d05-9fd4-e5a31928eb0b
1102,dc78921b-2a3b-4b63-9299-c5e9f8df9a28
1103,5a62514c-157f-4479-896a-4349d8f1b57e
1104,0760612f-3adc-4132-b4c1-dd08cd1c5124
1105,87244334-74d8-4ea8-b930-6ede1d2e170c
1106,deab731a-b6c5-4052-aa09-97130d43582e
1107,f62d4a80-78a7-42e8-a6c6-8d7438099605
1108,edd98e7b-6b7d-4dd4-a826-1c42d3650dd8
1109,a2c58a18-7013-43c9-98ea-a9bfe97ac77c
1110,b5f155a4-d6b7-4e7c-be4c-c24133aa2510
1111,240f472f-d3cf-4791-b68d-fbb5198787ab
1112,5238942d-7ca0-465e-ae41-c5d8b717112a
1113,feee28a5-4266-4efb-b3f7-0a2073650072
1114,3fc1d7f0-1aa9-42dc-9849-93ebed84ff9e
1115,d12b6a58-2446-4573-932c-76b5f567d20d
1116,ec0fe4fe-96c0-4fe6-8bf6-39f61c4b2fd8
1117,6607681b-d60d-4eb6-903b-361e926c821d
1118,1cfa1c07-74e6-4217-a4f8-7a1ed676c5a2
1119,a7389c95-233a-498e-8f2b-cc1226014b06
1120,09cd68a4-ea5c-42b4-8a11-f9bc56316051
1121,6af7f495-789d-44fd-833f-022ff6ea0be2
1122,a4a54279-c8a4-41bc-99d9-fe15d24f7805
1123,601c1c8c-5fb4-44f4-8119-e987b93c754e
1124,891e07ab-1104-4034-a667-26a0544e9f43
1125,9f33f15f-00d7-465f-8619-0a30a23a8e00
1126,bcdac13a-a4be-4d89-995f-0f318751a656
1127,b9055740-9f0c-41ce-817c-c4fafce615b9
1128,de01dc37-ea64-4549-bf80-05fe6b5c61f4
1129,6b2c104c-cd4f-495f-a9c2-3a921e86f3dd
1130,00f99e73-80dd-47de-9cb9-b6c34da3a6e5
1131,e21cb8e9-8bc1-4fc2-82a0-82ef81c477b3
1132,eb123f43-9e6b-463e-a5ca-24ad7f055972
1133,772b395a-88b1-4bba-a7a1-b14fafffae55
1134,c9ff7d96-cc8f-406a-a1ab-972e1e58767d
1135,b92048cd-9cbe-4aa2-90f4-c209e65ae75d
1136,d11fa441-fffc-4b92-a7de-229b75616f5f
1137,12da79f3-3294-47a2-a1ed-a32b8a861e65
1138,398d100f-d078-466a-bfcd-c489bf3c0d1d
1139,370ac035-2e50-4b16-b7b3-1ae6bb1b80e2
1140,c181bc22-8753-4483-8baf-336299496633
1141,d2edae19-cc98-4bb1-8557-b957b222719a
1142,a450f3c2-e432-4399-9267-7515aaccd9f7
1143,e0678c5d-ce62-4fcd-b521-9554ae8f94af
1144,737c259e-27be-47b4-a3b2-d523493c2ab0
1145,e5b1aa34-1721-4809-8100-7bce9c72eceb
1146,da516a28-0b48-43de-963e-5b5b96f4612b
1147,a96fe845-6491-4b84-a6a1-332de57f3503
1148,dcd1efb4-c92a-497c-8eb0-316a734b607d
1149,f3ca50ac-5404-45f6-b45e-f1544a4e903a
1150,432ad624-abc6-4579-83cf-d8dcc930bda3
1151,3fb22407-01e9-4b69-b0e2-ae298209a547
1152,a973e157-8d47-4a63-ae87-4f63e2c8c3ba
1153,3f85f6d1-3311-4500-ade5-34e6a9f90af3
1154,278222a7-e91b-4574-a094-fd3a08c8899b
1155,eeeaa322-f347-4190-bb5d-d5ffffa82334
1156,cfa2656d-5091-44ef-96d6-13c1d6efca58
1157,06b525f0-83e8-4e91-9d4f-55811a801b05
1158,7ea36e03-b044-48f0-99a2-2f301aaacdb7
1159,241015f7-4868-4ef4-a619-50f7ff5dc178
1160,9557a17b-76e5-472e-b935-de18db37b96a
1161,9accc475-dfaa-4a23-9c42-2bdf877443da
1162,8fac1231-9d36-460c-84e4-99a5da417c22
1163,bcf93ef8-4497-4fa7-b3ca-7ad9ff442407
1164,2c914f19-cb26-4ef7-9384-5e36059d3149
1165,bed825e3-b743-4d1a-b7f1-e8434a01e1c4
1166,6ca80795-d0e4-4b30-aa58-0a710be46a09
1167,fcf07610-6074-4978-bb3d-e3147df1c497
1168,93b41636-82b2-4ff2-8ca4-9b6171f7d958
1169,77ccdeb3-0875-4963-a908-6e35119288b6
1170,5dc8cc30-166d-4dab-a866-3fe405131a51
1171,e9460086-9ad9-4025-b19d-46ada54872c2
1172,2fc7963b-2ec1-4cad-a355-6855b288c462
1173,8919634f-cd6c-4ec2-babb-7cfc4a6ece55
1174,5a246eda-0217-46a0-a4ef-7eb65115219f
1175,0039c20e-f133-49bd-b94e-ecfb4e7bff47
1176,79834d59-8ffa-4809-ba24-862143801a49
1177,e35433d4-e28d-451f-92c5-5f2004080987
1178,eca30cab-ed6e-4e31-81e4-a161d5121fca
1179,8d8207b1-b980-48cb-b517-126fe8007cfb
1180,29786cf1-a341-4c24-9fb9-fd2490729c71
1181,bd83daa7-0814-4e72-b96c-22d0f7b23225
1182,2ec62e66-3cb3-4845-acd4-411d596ab153
1183,f40529fc-f55d-4ac7-b7fc-fa73fbb21efc
1184,3072bd64-6fd6-4af8-876b-fc773701813c
1185,93a5b506-fc47-49ee-8a57-c571e456cdb7
1186,8743da0a-ae58-49ea-9226-8dd37268cb92
1187,94130467-4b0d-4f32-8d8c-305f97b51bc9
1188,5a6640da-4b12-45ac-a404-53241c9b8cbc
1189,129c536b-ce3b-4984-90f4-815a19f6af19
1190,08aa280b-3c2b-4ab0-8c8f-b66e9e37ee81
1191,9e82f999-ef42-4942-a3c9-fc145873bd91
1192,61c39a7e-77d0-4272-90bb-0b7ed703c036
1193,d1f60732-3896-471c-a3ee-bac02a08a792
1194,2b78c45f-312c-47b7-863a-021bf39f64b3
1195,f33c85c4-56f9-421d-a715-7dfc1623f85b
1196,f8e7fffd-ab0e-4ed1-b323-cc35aa3cad46
1197,85e73b73-4967-42bb-9f40-72dff9777b72
1198,72d2d3e5-22ef-449f-8ae0-468731cfbfb7
1199,e6e2175b-508d-4f75-adc4-8453f6293ba2
1200,3d6b0557-4c2b-4f8b-bc49-04a754b5caad
1201,cc23b22c-6ea6-4b0e-b5d4-67c2c49375ee
1202,f8ae9f3f-c937-47cd-824a-7f46fda94810
1203,7c2e56e9-044a-4017-bae2-9502f1c56dbf
1204,53ba69fd-348c-4302-bba7-2df1940bd79d
1205,5fe0c1ce-f915-4a6f-8383-26cf2b2dea05
1206,bf3a1c40-cac2-46b4-a0bb-8b64d8e01a2d
1207,1a88fe02-ded4-4012-8f39-c1226777f46c
1208,3a36014f-848f-48f1-a2cd-7ba1f3a4e770
1209,665567af-926a-474c-8701-8f7a146b5a46
1210,a77eeae3-9c3b-4fc9-9903-69f2f4b63ded
1211,7bc0bc82-6d7e-46e5-9555-c7943fd73f56
1212,7a7ebf10-10e5-4d26-920e-058058448a89
1213,feeeac4f-40db-49a0-a4a0-795dfb31d4e5
1214,f62c2321-01df-45dd-9387-2065e91882d2
1215,7b790b62-5148-499e-9783-09c515b0fd18
1216,0136f533-d5e7-4f34-abf5-7faa80b4ea78
1217,b2dbd265-a6fd-44a5-8bde-bf5a6b118df7
1218,a9979894-6e13-4ccc-804c-69fc02f75884
1219,4c8c109f-a1a7-4351-a2ad-42964dd4c4d3
1220,c81bc2b6-9aa3-459c-8b69-a9e1d68c2e73
1221,8f6b08dc-bc8f-4d23-a4a1-9f0b6204e025
1222,18d47ebc-2875-4196-8906-3e1a93d02020
1223,d0894441-285b-4786-b230-961d69c34cc1
1224,a7de417f-075d-40c5-b7f4-f81909a9da3d
1225,2bcc3673-16a1-4d81-b9a1-da7e840b33e8
1226,fd9f3667-45f1-4d23-8e84-107832eab28a
1227,05d50311-a5f1-4987-8bc5-6b810b795866
1228,5f292762-54be-422f-8d06-244a4272f131
1229,b50e8d34-583e-460f-8af8-ff27c9ef35fb
1230,06a1d191-41a3-4d67-aef4-0d29cc3b6f4b
1231,57eec9ab-b79b-4154-a32d-7a097d43f0a6
1232,8e4df465-bb87-4036-849d-43addcdb2d4c
1233,f0444fd3-4daa-40de-b21b-492eb5ceba99
1234,1f6ff7dd-b5c2-461d-a4fd-edc417715c47
1235,5fee0ce7-7bff-46d0-85ae-f03f4ec9cc14
1236,aed7b274-d713-451a-a32b-5d41f98152a9
1237,c7fa426e-2705-447c-9ab0-31b3a7fc1cf9
1238,13e1fccd-5fbe-4eb8-95a3-b53be9276451
1239,06f63a37-b702-4902-bc9d-70acfcbcd63d
1240,119216d8-69c0-4ea4-927b-42237310fdd2
1241,688cd15f-0eb5-4338-be76-c8b54156242a
1242,16d5cc05-6b2a-43bb-927b-09593e011ce0
1243,6a05bd60-794f-4f2f-bb98-20e56f71d5d1
1244,547b2f88-6c8a-4195-bb23-1e9cef10dd70
1245,a838babf-100c-49d9-ba20-b6daedcf557f
1246,9428d2de-7944-480d-8f35-66c0cead687d
1247,9dd7f00b-f05a-4a6e-89d8-a1d0876106c9
1248,e2e58677-227c-4d59-a692-6ed8c396b3ac
1249,5946a844-c2dc-4184-bdbb-50481d3c1edc
1250,43115e97-0998-46e5-a3ae-67693705a01f
1251,02a763ea-a3be-4f53-915b-6ccbf72d349e
1252,5741ac65-6aa3-42f1-b775-b2fae26a1cdd
1253,18a034ae-73f7-4f95-8258-75e6ad17108f
1254,f536c7ef-5c71-4953-ad50-8c35ba779580
1255,54a34176-8a47-44c5-abdf-90beba9be430
1256,ca295212-e9f9-4392-a90f-581d9b28189d
1257,c296209d-0c84-44a1-bed5-b11f6bbaf767
1258,e4d2705b-41ee-4a78-820d-3e206b62c63b
1259,f9628232-ee98-41ef-9df8-49ff33c4d7a7
1260,aacf2d96-81d1-4281-b98a-091cb5bc6cb3
1261,baef513e-47ae-4336-993a-8dfaa990a6c0
1262,51277703-f898-480b-9f3c-3ea514f63d68
1263,419f30c5-531e-4517-a984-abf21ec9bd4c
1264,e43184a3-686a-408b-9be9-1a522f5340ac
1265,7c4679d7-4ba9-4ee8-807b-5619562982dd
1266,6ebfc6ad-41c2-4b16-ac49-1eaba58e308c
1267,67deb6b1-c654-4448-9a63-f95a3e76bf36
1268,2dade35a-a42d-40c3-b2e1-16f64304bc63
1269,32981dfb-ce5e-4458-9522-f2d7691b80a8
1270,91f93fc7-46b9-49b3-b7a9-640c010221d6
1271,115cf9ff-9006-4dc6-a70b-5d49c0e3ae9a
1272,d3f6f49c-cd25-4322-b3b5-e47090c0155d
1273,e7a8b227-3d93-49b3-b04f-e1781a5aac60
1274,338ea2c7-62d8-4eb7-9285-4e0aed7ad98b
1275,10e4ecec-4f01-4b45-9910-308d960e15c5
1276,51fd6e6d-ed9b-4f2f-9520-74d9fecc918b
1277,45925522-e332-4aad-ac68-cc77bb8ca84c
1278,1b204905-4d46-489d-b0ea-87f5bdb8d2ea
1279,60359434-4c9f-4c02-935a-425051763c16
1280,5d92e29c-b4a3-4afd-b93d-266f06e8a860
1281,927a96d5-022d-4efe-a778-91f4319cbd06
1282,e0581736-7e69-42d5-ae98-28235eeca5f5
1283,181f01a0-1451-41fc-aca5-60646794f2dd
1284,3446884d-1235-4f45-a8f6-76defdc948bd
1285,91f494cc-d50c-453d-bb76-6683606cb8fc
1286,da486de8-ebf3-456c-a729-67bdd13f687a
1287,ebb02550-ab14-4e5c-a759-10e50e057628
1288,3ff78a3a-69e7-486d-8db1-9b8fae93c1b3
1289,5279658e-08e4-4a59-8846-0b5e73dae1b0
1290,ffba763b-d1fa-444b-ac6f-26608743749d
1291,f04656fe-2cf2-4892-9d87-244bc2c454df
1292,2112c66d-1c0b-436b-8304-5202aabbd429
1293,9730a3b9-0c9f-4415-951d-f0f966ebbbd4
1294,719aff63-282c-4590-ab52-f2add4ce3af7
1295,001a2303-1935-45fe-9ca1-b0e00b3826e0
1296,673b4d44-8a88-4f32-a8fb-08a0ee0ed87a
1297,f12c86cc-e37b-4304-b966-a0e217b183e8
1298,c1d30343-172e-431f-af1c-89cd2cf0e863
1299,8c259aa6-a73a-4e1e-b8c6-df0b3e8eb8bb
1300,a5fc511d-6e66-464f-b5f4-2294800e5553
1301,438be970-181f-463b-9741-e7e7894081c5
1302,be6d5fc4-30b8-4600-abf1-38e4099e6466
1303,6144a6a1-d4f0-45f0-a1f6-412a0210c991
1304,8fced255-2815-4694-9c73-02a789595045
1305,152464f5-5e0f-4770-bb1b-51fcbc8fe932
1306,905a2f54-e40f-49e6-a968-84dd9cc9c8f2
1307,9cc43816-c8d3-4dc1-8e3c-a3049dfc1219
1308,cf80b56d-981b-4430-a7eb-1c1391367ccf
1309,a006cf5f-f819-40e5-a8f3-58746491482a
1310,f8ca8830-99e7-49e3-8cbb-fbca31bbb6b2
1311,175ff807-22d9-4ebc-8a77-9360550f5976
1312,22e7588a-d8ae-41fa-9152-bb15cd94688a
1313,2917969c-9706-4cda-9a88-dad338ea532d
1314,3ba6d39f-5b2f-4bfc-9b97-736d31beb5dd
1315,219ada25-f776-41de-8c2a-9f04fc308a8c
1316,a20ff13f-705b-4e62-91f6-0c2b841c0fe4
1317,92843bd3-66f3-4789-9e67-b6be929f5de6
1318,1ecf90d1-3972-4666-91e2-43e7b6bbf503
1319,208b6236-2dbe-44b6-9796-7c20ba5b9642
1320,a3488180-8b82-45e8-aace-63d8455ca4a0
1321,72283cac-9d2e-4fa8-b706-8088c4f4852c
1322,efdc3f4b-bedc-4b2b-93f9-5a658d51bf09
1323,180b76b5-2918-4836-b69b-fcad43923f0b
1324,ccfd1da0-96c8-4158-94ac-c33b9c6c531c
1325,a730d789-d00a-47be-9ee8-4212506e1112
1326,8dbe25b0-36a8-4395-b45e-af8aafa50cda
1327,046a3a84-9301-40fb-ac4f-8eff28c520b0
1328,cf7eddf8-e0e2-4c7f-bb44-a46dac5c3c3c
1329,a07a22c6-c863-43d9-80f9-a479f9c86624
1330,9aa66110-b2cc-42f9-af04-d58647a682cb
1331,23253ff4-56d2-457f-a219-d3382e6e6a7f
1332,5e409d56-13e9-4838-9f9c-f40f5672e11f
1333,1b212f33-cd96-446e-a821-320f43645de3
1334,a9b60e6d-7753-445b-a2ee-4f78dfe95ec3
1335,80c30e9d-cf49-4186-bd45-973b67d647d6
1336,6d998e92-9126-4251-8909-cceff39cc3bf
1337,babd4dd8-ca72-4adc-b63b-be634906b018
1338,af28d520-eb7d-4161-ad26-0c49b13964b1
1339,e7fdae08-c002-48a3-8a7e-38601a06548d
1340,161f79d7-93ee-46fc-b8b7-f23cbb964d30
1341,53aa0f22-2e00-493f-96c9-3ae2f7691e98
1342,7d9355bd-64d0-421e-86ba-c300ae4a7bce
1343,d543e718-69bc-47da-89af-45ec3cafba80
1344,3a82a3f1-7367-45ea-89fe-4bb90591025a
1345,8d80723e-af37-48b0-ab78-c7c0ed5870d6
1346,c91186c1-166c-4a3a-97ca-e29dee74d310
1347,8461591f-992c-4a88-aca2-03fcc18bce7a
1348,6dc84c91-b87a-4bd8-a835-4c428f5057a4
1349,d2219237-9e38-4e2c-920d-0c27add62b14
1350,f8a07520-0f5e-4f9d-aa80-f140de25f1ec
1351,0feeb481-054c-4987-b119-aae8b30d5f98
1352,4c4765d6-7a26-4e9b-b7a1-6a6d1c9d9e70
1353,ecf4f65c-2d6f-41d5-8389-f1639b39a992
1354,f40c5d49-1c76-4d4b-8d79-c58e7de3a589
1355,5a88fc11-c2e5-4bc2-b2bd-c4463b825a0c
1356,513c504b-c3be-439b-9dcd-f7da4188a251
1357,3aeed3a4-1f64-4761-9b53-6d6ce3749f0c
1358,a9f67216-db77-40b6-92fa-cb7577eb31bf
1359,73339e15-159d-4f8d-840a-828dde213d49
1360,30b5e188-4e30-4ce8-b0c4-393bb521f6ff
1361,6e982011-f02c-4546-bdb5-95c3f68c1e3c
1362,3c958dac-bcd6-41e6-aa6c-01ccf8ac6883
1363,57874a36-8f22-4ce5-a82d-5fe7e71ec1f9
1364,93d55842-c785-4730-94e4-ff6138d300a9
